Date,Open,High,Low,Close,Adjusted_close,Volume
2025-11-24 00:00:00+01:00,162.8,164.55,162.4,164.0,150.6455,2175689
2025-11-25 00:00:00+01:00,164.15,166.6,163.8,166.0,152.4827,2866606
2025-11-26 00:00:00+01:00,166.45,168.45,166.2,167.75,154.0902,1519000
2025-11-27 00:00:00+01:00,167.85,168.75,166.6,168.15,154.4576,2356271
2025-11-28 00:00:00+01:00,168.15,168.45,167.05,167.05,153.4472,3558557
2025-12-01 00:00:00+01:00,167.3,168.7,166.35,168.65,154.9169,1418801
2025-12-02 00:00:00+01:00,169.0,170.45,168.45,169.9,156.0651,1366491
2025-12-03 00:00:00+01:00,170.0,171.85,169.05,169.45,155.6517,2111965
2025-12-04 00:00:00+01:00,169.6,169.6,165.75,169.0,155.2384,2363935
2025-12-05 00:00:00+01:00,170.0,170.5,168.75,168.9,155.1465,1207065
2025-12-08 00:00:00+01:00,168.8,169.15,167.55,169.15,155.3762,1344649
2025-12-09 00:00:00+01:00,169.1,170.2,167.95,168.45,154.7332,1749631
2025-12-10 00:00:00+01:00,169.0,169.55,167.7,168.8,155.0547,2031111
2025-12-11 00:00:00+01:00,168.5,171.25,168.2,170.65,156.754,1841608
2025-12-12 00:00:00+01:00,171.3,172.35,167.9,168.1,154.4117,2618043
2025-12-15 00:00:00+01:00,169.0,169.35,167.75,168.1,154.4117,4135294
2025-12-16 00:00:00+01:00,169.35,170.15,168.45,169.15,155.3762,2708375
2025-12-17 00:00:00+01:00,170.0,170.5,168.05,169.25,155.468,3232982
2025-12-18 00:00:00+01:00,169.25,171.05,168.7,170.6,156.7081,3953678
2025-12-19 00:00:00+01:00,172.1,173.1,171.65,171.85,157.8563,5078865
2025-12-22 00:00:00+01:00,172.05,172.3,171.05,171.8,157.8104,1213782
2025-12-23 00:00:00+01:00,172.1,173.25,171.65,172.8,158.7289,1572422
2025-12-29 00:00:00+01:00,173.4,173.65,171.9,171.95,157.9481,1497179
2025-12-30 00:00:00+01:00,172.15,174.65,171.7,173.95,159.7853,2252373
2026-01-02 00:00:00+01:00,174.35,177.25,173.65,176.8,162.4032,1971423
2026-01-05 00:00:00+01:00,177.45,177.5,175.35,176.3,161.9439,1353326
2026-01-07 00:00:00+01:00,177.0,177.55,174.05,174.05,159.8771,3838235
2026-01-08 00:00:00+01:00,174.05,175.45,173.2,175.1,160.8416,2064076
2026-01-09 00:00:00+01:00,175.55,175.8,172.05,175.25,160.9794,3696895
2026-01-12 00:00:00+01:00,175.0,175.55,172.65,175.25,160.9794,3024515
2026-01-13 00:00:00+01:00,176.2,177.85,175.7,177.1,162.6788,2247418
2026-01-14 00:00:00+01:00,178.0,179.2,177.3,178.35,163.827,2320296
2026-01-15 00:00:00+01:00,179.0,181.25,178.7,180.6,165.8938,2283608
2026-01-16 00:00:00+01:00,181.0,181.2,179.0,179.95,165.2967,2064533
2026-01-19 00:00:00+01:00,177.0,178.0,174.6,176.55,162.1736,2803861
2026-01-20 00:00:00+01:00,175.95,176.15,174.45,175.75,161.4387,2000331
2026-01-21 00:00:00+01:00,174.4,176.75,172.8,176.0,161.6684,2884004
2026-01-22 00:00:00+01:00,177.75,179.85,177.4,179.5,164.8834,2894158
2026-01-23 00:00:00+01:00,178.65,178.7,175.95,176.35,161.9899,1986807
2026-01-26 00:00:00+01:00,176.55,178.35,176.55,178.2,163.6892,1982443
2026-01-27 00:00:00+01:00,178.5,180.15,178.2,179.8,165.1589,2066621
2026-01-28 00:00:00+01:00,180.0,180.1,176.7,177.25,162.8166,3791556
2026-01-29 00:00:00+01:00,177.3,178.05,170.7,171.2,157.2592,6520450
2026-01-30 00:00:00+01:00,173.0,174.55,171.5,171.9,157.9022,2968018
2026-02-02 00:00:00+01:00,171.85,177.4,171.2,177.4,162.9544,2883258
2026-02-03 00:00:00+01:00,177.5,179.0,177.05,177.95,163.4596,2251061
2026-02-04 00:00:00+01:00,178.85,180.25,178.35,179.05,164.47,3008275
2026-02-05 00:00:00+01:00,179.2,179.2,175.65,175.8,161.4846,2305820
2026-02-06 00:00:00+01:00,177.85,179.1,177.25,178.1,163.5974,2025329
2026-02-09 00:00:00+01:00,178.1,179.15,177.1,178.95,164.3781,2294184
2026-02-10 00:00:00+01:00,179.05,180.25,177.45,177.9,163.4136,3053226
2026-02-11 00:00:00+01:00,177.7,178.45,175.45,176.75,162.3573,2399388
2026-02-12 00:00:00+01:00,177.15,178.9,174.15,174.15,159.969,3091392
2026-02-13 00:00:00+01:00,174.3,175.0,170.2,171.6,157.6266,4606418
2026-02-16 00:00:00+01:00,172.55,175.55,172.55,174.75,160.5201,4964778
2026-02-17 00:00:00+01:00,174.4,176.2,174.2,176.2,161.8521,2182856
2026-02-18 00:00:00+01:00,177.25,178.6,175.95,178.0,163.5055,2350282
2026-02-19 00:00:00+01:00,178.15,178.4,175.7,176.45,162.0817,2370641
2026-02-20 00:00:00+01:00,177.25,179.3,176.9,179.1,164.5159,3315495
2026-02-23 00:00:00+01:00,180.25,180.35,178.4,178.85,164.2863,2041232
2026-02-24 00:00:00+01:00,178.6,178.6,176.05,177.35,162.9084,2190278
2026-02-25 00:00:00+01:00,178.0,179.25,178.0,178.2,163.6892,1985364
2026-02-26 00:00:00+01:00,178.75,179.35,176.8,177.5,163.0462,1930111
2026-02-27 00:00:00+01:00,177.65,178.35,174.75,175.5,161.2091,3232758
2026-03-02 00:00:00+01:00,172.8,173.1,169.6,172.9,158.8208,3406145
2026-03-03 00:00:00+01:00,170.0,170.25,165.15,168.05,154.3657,5554513
2026-03-04 00:00:00+01:00,167.65,172.2,166.5,170.85,156.9377,3356737
2026-03-05 00:00:00+01:00,170.85,172.75,169.5,169.55,155.7436,1809289
2026-03-06 00:00:00+01:00,170.15,170.75,164.65,166.45,152.896,2643102
2026-03-09 00:00:00+01:00,163.75,167.1,161.65,166.2,152.6664,2528936
2026-03-10 00:00:00+01:00,170.0,172.2,168.45,170.1,156.2488,2124644
2026-03-11 00:00:00+01:00,169.1,170.85,168.45,170.1,156.2488,3157958
2026-03-12 00:00:00+01:00,169.75,170.0,168.15,169.35,155.5599,3729667
2026-03-13 00:00:00+01:00,168.7,170.7,167.6,168.8,155.0547,2197570
2026-03-16 00:00:00+01:00,169.45,170.7,167.8,170.15,156.2947,1867623
2026-03-17 00:00:00+01:00,170.0,171.8,168.75,170.25,156.3866,1899709
2026-03-18 00:00:00+01:00,170.8,173.0,170.1,171.55,157.5807,2054464
2026-03-19 00:00:00+01:00,170.55,170.8,167.8,168.25,154.5494,2490549
2026-03-20 00:00:00+01:00,170.15,170.65,165.3,165.6,152.1152,4133154
2026-03-23 00:00:00+01:00,162.6,170.15,161.25,167.15,153.539,6430215
2026-03-24 00:00:00+01:00,165.55,167.05,162.25,163.35,150.0484,7121129
2026-03-25 00:00:00+01:00,154.95,157.3,154.7,156.05,153.0691,7987590
2026-03-26 00:00:00+01:00,156.0,156.1,153.85,155.35,152.3825,2976140
2026-03-27 00:00:00+01:00,155.45,156.65,153.9,155.85,152.8729,2732363
2026-03-30 00:00:00+01:00,155.2,159.35,154.6,159.1,156.0609,3078963
2026-03-31 00:00:00+01:00,160.25,162.75,160.15,161.05,157.9736,3746443
2026-04-01 00:00:00+01:00,163.65,165.9,163.45,165.9,162.731,3664291
2026-04-02 00:00:00+01:00,164.6,165.55,163.65,165.45,162.2896,1295365
2026-04-07 00:00:00+01:00,166.05,167.2,164.2,164.85,161.701,2771745
2026-04-08 00:00:00+01:00,169.25,171.4,169.05,170.75,167.4883,3666909
2026-04-09 00:00:00+01:00,170.2,170.4,167.35,168.9,165.6737,2568516
2026-04-10 00:00:00+01:00,169.7,171.35,168.95,171.35,168.0769,2510847
2026-04-13 00:00:00+01:00,170.2,172.2,169.55,171.7,168.4202,1951993
2026-04-14 00:00:00+01:00,172.6,175.95,172.0,175.5,172.1476,3345106
2026-04-15 00:00:00+01:00,175.6,175.65,174.3,174.7,171.3629,1895414
2026-04-16 00:00:00+01:00,174.35,174.4,171.6,172.05,168.7635,2418552
2026-04-17 00:00:00+01:00,172.05,173.1,169.3,172.55,169.2539,2710743
2026-04-20 00:00:00+01:00,171.65,171.65,170.1,170.8,167.5374,1945917
2026-04-21 00:00:00+01:00,171.0,172.9,170.5,171.25,167.9788,2416515
2026-04-22 00:00:00+01:00,173.65,174.2,170.75,172.0,168.7145,5015289
2026-04-23 00:00:00+01:00,172.05,172.7,169.55,170.65,167.3902,2518519
2026-04-24 00:00:00+01:00,170.1,170.85,168.85,169.75,166.5074,1615849
2026-04-27 00:00:00+01:00,169.4,171.6,169.15,170.75,167.4883,1279458
2026-04-28 00:00:00+01:00,171.0,173.25,170.85,172.15,168.8616,1691447
2026-04-29 00:00:00+01:00,171.85,172.85,170.8,172.5,169.2049,1648687
2026-04-30 00:00:00+01:00,171.15,172.35,170.15,172.1,168.8125,1362747
2026-05-04 00:00:00+01:00,173.0,174.0,170.1,170.1,166.8507,3082885
2026-05-05 00:00:00+01:00,170.1,171.45,168.95,170.4,167.145,1968006
2026-05-06 00:00:00+01:00,172.35,175.0,171.95,172.55,169.2539,3511536
2026-05-07 00:00:00+01:00,173.15,173.45,169.8,169.9,166.6546,3235004
2026-05-08 00:00:00+01:00,168.75,169.7,167.65,169.2,165.9679,1770546
2026-05-11 00:00:00+01:00,169.0,170.35,168.75,169.3,166.066,1687294
2026-05-12 00:00:00+01:00,168.5,169.35,167.55,168.95,165.7227,1441958
2026-05-13 00:00:00+01:00,169.55,170.45,167.5,167.9,164.6928,863485
2026-05-15 00:00:00+01:00,170.4,170.9,168.55,169.1,165.8698,3428514
2026-05-18 00:00:00+01:00,169.0,173.25,168.6,172.3,169.0087,1705280
2026-05-19 00:00:00+01:00,173.0,173.8,172.65,173.1,169.7934,1260162
2026-05-20 00:00:00+01:00,172.9,176.4,171.85,175.25,171.9024,1849433
2026-05-21 00:00:00+01:00,175.3,177.45,175.3,176.65,173.2756,1858574
2026-05-22 00:00:00+01:00,177.0,178.6,176.65,177.95,174.5508,1622524
2026-05-25 00:00:00+01:00,178.65,181.3,178.65,181.2,177.7387,1316711
2026-05-26 00:00:00+01:00,181.2,181.8,179.1,179.1,175.6788,1832841
2026-05-27 00:00:00+01:00,179.6,179.75,177.9,178.35,174.9432,3069673
2026-05-28 00:00:00+01:00,177.75,178.35,176.65,177.3,173.9132,1552636
2026-05-29 00:00:00+01:00,178.0,178.35,177.05,177.25,173.8642,2948935
2026-06-01 00:00:00+01:00,177.5,177.65,174.4,175.9,172.54,1253527
2026-06-02 00:00:00+01:00,176.6,177.2,173.3,175.45,172.0985,1683139
2026-06-03 00:00:00+01:00,174.9,176.0,173.55,175.4,172.0495,1418997
2026-06-04 00:00:00+01:00,175.6,176.7,175.1,176.1,172.7361,1469560
2026-06-05 00:00:00+01:00,176.5,177.3,175.3,176.0,172.638,1923216
2026-06-08 00:00:00+01:00,175.35,175.35,172.65,174.5,171.1667,2166705
2026-06-09 00:00:00+01:00,174.0,175.95,173.7,174.1,170.7743,1341399
2026-06-10 00:00:00+01:00,174.2,174.95,172.35,173.25,169.9406,1486565
2026-06-11 00:00:00+01:00,174.05,175.65,173.65,174.3,170.9705,1483847
2026-06-12 00:00:00+01:00,176.25,178.45,176.0,178.0,174.5998,2383838
2026-06-15 00:00:00+01:00,179.5,180.3,178.4,179.7,176.2674,2072793
2026-06-16 00:00:00+01:00,180.25,180.95,178.85,179.0,175.5807,1642658
2026-06-17 00:00:00+01:00,178.8,181.6,178.3,181.1,177.6406,2245223
2026-06-18 00:00:00+01:00,182.0,183.35,179.45,180.65,177.1992,5483071
2026-06-22 00:00:00+01:00,182.75,184.95,181.7,184.75,181.2209,2645855
2026-06-23 00:00:00+01:00,184.15,184.15,181.9,181.9,178.4253,2103483
2026-06-24 00:00:00+01:00,182.0,182.15,179.0,179.8,176.3655,2045688
2026-06-25 00:00:00+01:00,179.1,179.95,178.2,179.35,175.9241,1474371
2026-06-26 00:00:00+01:00,179.1,180.55,178.7,180.55,177.1011,1318215
2026-06-29 00:00:00+01:00,180.05,182.1,179.45,182.1,178.6215,1072451
2026-06-30 00:00:00+01:00,181.75,183.65,181.0,183.65,180.1419,2009603
2026-07-01 00:00:00+01:00,183.3,183.65,181.15,182.55,179.0629,1258019
2026-07-02 00:00:00+01:00,182.4,186.25,182.4,186.25,182.6922,2025178
2026-07-03 00:00:00+01:00,186.8,187.45,185.6,187.45,183.8693,1079508
2026-07-06 00:00:00+01:00,187.45,188.25,186.6,188.1,184.5069,1659561
2026-07-07 00:00:00+01:00,188.5,189.8,187.9,188.85,185.2426,1523146
2026-07-08 00:00:00+01:00,188.0,188.5,184.0,184.65,181.1228,1321567
2026-07-09 00:00:00+01:00,185.15,186.55,185.15,185.95,182.398,1128962
2026-07-10 00:00:00+01:00,186.6,186.6,184.45,185.4,181.8585,1509265
2026-07-13 00:00:00+01:00,185.4,186.05,184.2,185.25,181.7113,1388601
2026-07-14 00:00:00+01:00,184.45,186.95,182.1,186.95,183.3789,1604646
2026-07-15 00:00:00+01:00,186.4,187.7,185.1,186.15,182.5942,2071715
2026-07-16 00:00:00+01:00,185.3,188.25,180.55,187.7,184.1145,3306999
2026-07-17 00:00:00+01:00,187.7,188.55,185.4,187.85,184.2617,1670195
2026-07-20 00:00:00+01:00,187.1,189.0,186.75,189.0,185.3897,1115712
2026-07-21 00:00:00+01:00,188.2,191.2,188.2,190.7,187.0572,1184492
2026-07-22 00:00:00+01:00,191.0,193.6,190.85,193.15,189.4604,1437360
2026-07-23 00:00:00+01:00,193.05,193.15,188.05,189.05,185.4388,1905831
2026-07-24 00:00:00+01:00,188.9,190.7,188.7,190.7,187.0572,1172566
2026-07-27 00:00:00+01:00,191.7,193.7,190.9,193.45,189.7547,1600406
2026-07-28 00:00:00+01:00,193.45,193.75,191.25,191.55,187.891,1632423
2026-07-29 00:00:00+01:00,192.3,192.4,189.6,190.75,187.1063,1279212
2026-07-30 00:00:00+01:00,190.4,192.5,190.0,191.55,187.891,1442271
2026-07-31 00:00:00+01:00,191.55,193.25,191.2,192.3,188.6267,1552789
2026-08-03 00:00:00+01:00,193.25,193.8,192.3,193.75,190.049,1427091
2026-08-04 00:00:00+01:00,194.0,195.4,193.65,194.85,191.128,2395178
2026-08-05 00:00:00+01:00,191.2,192.2,189.95,190.45,190.45,3494331
2026-08-06 00:00:00+01:00,191.25,192.85,190.4,192.0,192.0,1808900
2026-08-07 00:00:00+01:00,192.0,192.25,190.25,191.55,191.55,1331029
2026-08-10 00:00:00+01:00,191.55,191.75,189.6,190.4,190.4,1133953
2026-08-11 00:00:00+01:00,190.5,190.75,188.65,190.15,190.15,883333
2026-08-12 00:00:00+01:00,190.5,191.15,189.7,190.75,190.75,874177
2026-08-13 00:00:00+01:00,192.0,194.4,191.8,191.8,191.8,1041243
2026-08-14 00:00:00+01:00,192.3,192.5,190.95,192.05,192.05,688005
2026-08-17 00:00:00+01:00,191.85,192.3,191.05,191.05,191.05,1464079
2026-08-18 00:00:00+01:00,191.45,191.6,190.15,190.95,190.95,737277
2026-08-19 00:00:00+01:00,190.95,191.45,188.1,188.75,188.75,967550
2026-08-20 00:00:00+01:00,188.5,189.4,187.8,189.1,189.1,1270230
2026-08-21 00:00:00+01:00,189.65,191.9,189.1,191.15,191.15,1214685
2026-08-24 00:00:00+01:00,191.25,191.45,189.3,191.2,191.2,1065928
2026-08-25 00:00:00+01:00,192.05,193.8,191.95,193.0,193.0,954009
2026-08-26 00:00:00+01:00,193.5,194.7,193.15,194.05,194.05,1570158
2026-08-27 00:00:00+01:00,194.0,196.15,193.15,193.8,193.8,1811736
2026-08-28 00:00:00+01:00,195.8,196.2,194.3,196.2,196.2,1423270
2026-08-31 00:00:00+01:00,196.1,197.85,196.1,196.1,196.1,1861227
2026-09-01 00:00:00+01:00,196.0,197.7,193.95,196.2,196.2,1469821
2026-09-02 00:00:00+01:00,196.45,197.9,194.35,195.65,195.65,1040354
2026-09-03 00:00:00+01:00,195.55,198.95,195.3,198.8,198.8,1245411
2026-09-04 00:00:00+01:00,197.9,199.5,197.3,199.15,199.15,930264
2026-09-07 00:00:00+01:00,199.15,200.3,198.4,199.4,199.4,946303
2026-09-08 00:00:00+01:00,199.8,199.8,197.2,198.4,198.4,1041481
2026-09-09 00:00:00+01:00,197.0,197.95,195.15,196.5,196.5,1092011
2026-09-10 00:00:00+01:00,197.85,199.35,197.5,198.7,198.7,1472964
2026-09-11 00:00:00+01:00,199.4,201.3,199.2,200.3,200.3,1421380
2026-09-14 00:00:00+01:00,200.6,202.5,198.3,198.55,198.55,1322727
2026-09-15 00:00:00+01:00,197.95,199.5,195.85,199.0,199.0,1511885
2026-09-16 00:00:00+01:00,199.95,200.8,199.1,199.7,199.7,1255443
2026-09-17 00:00:00+01:00,200.5,202.1,199.65,201.5,201.5,1187788
2026-09-18 00:00:00+01:00,201.6,201.8,197.7,198.8,198.8,3710087
2026-09-21 00:00:00+01:00,199.6,203.1,199.6,203,203,1397663
2026-09-22 00:00:00+01:00,203.4,203.8,201.4,201.6,201.6,870953
2026-09-23 00:00:00+01:00,202.5,203.2,199.55,200.5,200.5,1049140
2026-09-24 00:00:00+01:00,200,201,199.15,200.9,200.9,1153507
2026-09-25 00:00:00+01:00,202.5,203.2,201.2,201.6,201.6,2131617
