Date,Open,High,Low,Close,Adjusted_close,Volume
2025-11-24 00:00:00+01:00,26.98,27.34,26.8,27.05,27.05,5431107
2025-11-25 00:00:00+01:00,27,27.25,26.7,27.25,27.25,3690348
2025-11-26 00:00:00+01:00,27.38,27.61,27.13,27.24,27.24,3651594
2025-11-27 00:00:00+01:00,27.24,28.48,27.24,28.27,28.27,4445943
2025-11-28 00:00:00+01:00,28.79,29.12,28.51,28.75,28.75,4817364
2025-12-01 00:00:00+01:00,28.46,28.81,28.15,28.29,28.29,3999104
2025-12-02 00:00:00+01:00,28.2,28.39,27.87,28.1,28.1,3826443
2025-12-03 00:00:00+01:00,28.01,28.61,28,28.13,28.13,3452903
2025-12-04 00:00:00+01:00,28.3,29.22,28.19,28.63,28.63,5134562
2025-12-05 00:00:00+01:00,28.65,29.05,28.61,28.84,28.84,4908611
2025-12-08 00:00:00+01:00,28.84,29.78,28.84,29.29,29.29,4407513
2025-12-09 00:00:00+01:00,29.38,30.5,29.38,30.47,30.47,3687993
2025-12-10 00:00:00+01:00,30.44,30.99,30.14,30.9,30.9,4461810
2025-12-11 00:00:00+01:00,30.8,31.17,30.51,31.09,31.09,3163542
2025-12-12 00:00:00+01:00,31.2,31.59,31.05,31.05,31.05,3654464
2025-12-15 00:00:00+01:00,31.02,32,30.7,31.33,31.33,3604449
2025-12-16 00:00:00+01:00,30.78,31.31,30.43,30.48,30.48,3673413
2025-12-17 00:00:00+01:00,30.46,31.18,30.35,30.88,30.88,4249927
2025-12-18 00:00:00+01:00,30.88,31.26,30.7,31.26,31.26,3940710
2025-12-19 00:00:00+01:00,31.26,31.58,30.93,31.3,31.3,3939801
2025-12-22 00:00:00+01:00,31.04,31.4,30.27,30.59,30.59,2886112
2025-12-23 00:00:00+01:00,30.59,31.03,30.48,30.56,30.56,2419668
2025-12-29 00:00:00+01:00,30.56,31.33,30.46,31.3,31.3,2433840
2025-12-30 00:00:00+01:00,31.27,31.62,31.07,31.47,31.47,2849785
2026-01-02 00:00:00+01:00,31.58,31.88,30.68,30.68,30.68,2753605
2026-01-05 00:00:00+01:00,30.81,31.07,29.77,30.56,30.56,3003969
2026-01-07 00:00:00+01:00,30.56,31.59,30.22,31.52,31.52,4198073
2026-01-08 00:00:00+01:00,31.5,31.61,30.57,30.81,30.81,5293558
2026-01-09 00:00:00+01:00,30.81,32.13,30.81,31.43,31.43,9075752
2026-01-12 00:00:00+01:00,30.5,30.57,28.33,28.88,28.88,12829045
2026-01-13 00:00:00+01:00,28.97,29.29,28.05,28.28,28.28,3084960
2026-01-14 00:00:00+01:00,28.28,28.39,27.79,27.96,27.96,2982908
2026-01-15 00:00:00+01:00,28.02,28.28,27.53,27.61,27.61,2992520
2026-01-16 00:00:00+01:00,27.61,28.3,27.46,27.46,27.46,2275932
2026-01-19 00:00:00+01:00,26.43,26.9,26.08,26.32,26.32,3077728
2026-01-20 00:00:00+01:00,26.17,26.38,25.68,26.27,26.27,2859272
2026-01-21 00:00:00+01:00,26.25,26.32,25.26,26.05,26.05,2873654
2026-01-22 00:00:00+01:00,26.45,27.06,26.4,26.82,26.82,2430537
2026-01-23 00:00:00+01:00,26.82,27.31,26.7,27.09,27.09,1633337
2026-01-26 00:00:00+01:00,27.29,27.62,26.98,27.54,27.54,2475808
2026-01-27 00:00:00+01:00,27.57,27.71,27,27.16,27.16,2122211
2026-01-28 00:00:00+01:00,27.2,27.96,27.17,27.86,27.86,1871645
2026-01-29 00:00:00+01:00,27.78,27.78,26.37,26.69,26.69,2467244
2026-01-30 00:00:00+01:00,26.69,27.15,26.68,26.74,26.74,2235330
2026-02-02 00:00:00+01:00,26,26.68,25.51,26.35,26.35,3083682
2026-02-03 00:00:00+01:00,26.42,26.5,24.24,24.58,24.58,5501922
2026-02-04 00:00:00+01:00,24.58,25.25,24.37,25.16,25.16,2874476
2026-02-05 00:00:00+01:00,25.17,25.36,24.32,24.84,24.84,2090127
2026-02-06 00:00:00+01:00,24.6,24.62,23.5,24.12,24.12,5728924
2026-02-09 00:00:00+01:00,24.58,24.83,24.33,24.79,24.79,2636422
2026-02-10 00:00:00+01:00,24.75,25.38,24.71,25.17,25.17,2434332
2026-02-11 00:00:00+01:00,25.59,25.6,24.56,24.56,24.56,3408504
2026-02-12 00:00:00+01:00,24.5,24.87,23.82,23.88,23.88,3821489
2026-02-13 00:00:00+01:00,23.88,24.34,23.38,23.88,23.88,3511523
2026-02-16 00:00:00+01:00,24.01,24.32,23.43,23.5,23.5,3866493
2026-02-17 00:00:00+01:00,21.64,22.1,18.865,20.14,20.14,28933597
2026-02-18 00:00:00+01:00,20.3,22,20.3,21.83,21.83,10060837
2026-02-19 00:00:00+01:00,22,22.95,21.83,22.18,22.18,6865010
2026-02-20 00:00:00+01:00,22.19,22.45,21.82,22.26,22.26,7167240
2026-02-23 00:00:00+01:00,21.5,21.93,21.09,21.12,21.12,6783786
2026-02-24 00:00:00+01:00,21.33,22.21,21.16,21.81,21.81,5013573
2026-02-25 00:00:00+01:00,21.84,22.46,21.81,22.19,22.19,4473699
2026-02-26 00:00:00+01:00,22.19,23.33,21.99,23.12,23.12,4308459
2026-02-27 00:00:00+01:00,23,23.2,22.64,22.97,22.97,4734328
2026-03-02 00:00:00+01:00,22.03,22.75,21.92,22.18,22.18,5089276
2026-03-03 00:00:00+01:00,22,22.29,21.64,22.07,22.07,4994100
2026-03-04 00:00:00+01:00,22.12,22.85,22.12,22.79,22.79,3644631
2026-03-05 00:00:00+01:00,22.52,23.9,22.43,23.46,23.46,5047445
2026-03-06 00:00:00+01:00,23.82,24.12,23.28,23.56,23.56,4254031
2026-03-09 00:00:00+01:00,22.26,23.03,22.15,22.46,22.46,7138127
2026-03-10 00:00:00+01:00,23,23.29,22.43,22.5,22.5,5303362
2026-03-11 00:00:00+01:00,22.31,23.23,22.3,22.52,22.52,5186839
2026-03-12 00:00:00+01:00,22.52,23.32,22.37,22.78,22.78,5530705
2026-03-13 00:00:00+01:00,22.65,23.45,22.58,23.11,23.11,4199754
2026-03-16 00:00:00+01:00,23.21,23.3,22.76,23.03,23.03,4674472
2026-03-17 00:00:00+01:00,23.03,23.44,22.77,23.28,23.28,4464829
2026-03-18 00:00:00+01:00,23.33,23.4,22.43,22.56,22.56,3958912
2026-03-19 00:00:00+01:00,22.1,22.78,21.98,22.33,22.33,4312053
2026-03-20 00:00:00+01:00,22.42,22.61,21.9,22,22,5752879
2026-03-23 00:00:00+01:00,21.6,22.85,21.39,22.44,22.44,5222084
2026-03-24 00:00:00+01:00,22.44,22.6,21.8,21.99,21.99,3998669
2026-03-25 00:00:00+01:00,22.5,22.92,22.4,22.56,22.56,5764662
2026-03-26 00:00:00+01:00,22.41,23.25,22.1,23.17,23.17,3935886
2026-03-27 00:00:00+01:00,23.03,23.32,22.6,23.25,23.25,5740144
2026-03-30 00:00:00+01:00,23.12,23.97,22.91,23.93,23.93,3642383
2026-03-31 00:00:00+01:00,23.91,24.72,23.91,24.65,24.65,4223709
2026-04-01 00:00:00+01:00,25.42,25.72,25,25.69,25.69,4445847
2026-04-02 00:00:00+01:00,25.05,25.6,24.9,25.32,25.32,3827670
2026-04-07 00:00:00+01:00,25.52,26.16,25.15,25.37,25.37,2484164
2026-04-08 00:00:00+01:00,26.3,26.61,25.54,25.6,25.6,3963053
2026-04-09 00:00:00+01:00,25.5,25.5,24.51,24.69,24.69,2994146
2026-04-10 00:00:00+01:00,24.85,25.37,24.28,24.46,24.46,3067955
2026-04-13 00:00:00+01:00,24.28,24.68,23.91,24.61,24.61,2324272
2026-04-14 00:00:00+01:00,24.91,25.2,24.5,24.85,24.85,2899862
2026-04-15 00:00:00+01:00,24.91,24.95,24.08,24.65,24.65,3595933
2026-04-16 00:00:00+01:00,24.64,28.15,22.29,27.78,27.78,18131823
2026-04-17 00:00:00+01:00,27.39,28.27,27.17,27.5,27.5,4347337
2026-04-20 00:00:00+01:00,27.2,27.38,26.72,26.9,26.9,2314707
2026-04-21 00:00:00+01:00,27.27,28.06,27.16,27.96,27.96,3538037
2026-04-22 00:00:00+01:00,28,29.5,27.74,28.8,28.8,3582806
2026-04-23 00:00:00+01:00,28.73,29.17,27.48,27.99,27.99,2153962
2026-04-24 00:00:00+01:00,28,28.38,27.51,27.87,27.87,1158319
2026-04-27 00:00:00+01:00,28.05,28.75,27.95,28.65,28.65,1647140
2026-04-28 00:00:00+01:00,28.65,28.67,28.02,28.32,28.32,1257086
2026-04-29 00:00:00+01:00,28.39,28.66,27.64,28.51,28.51,1547973
2026-04-30 00:00:00+01:00,28.11,28.85,27.96,28.79,28.79,1347810
2026-05-04 00:00:00+01:00,30.22,34.44,30.2,33.74,33.74,13884328
2026-05-05 00:00:00+01:00,33.32,33.45,32.62,33.1,33.1,3090029
2026-05-06 00:00:00+01:00,33,34.44,32.8,33.47,33.47,5116209
2026-05-07 00:00:00+01:00,35.31,36.35,32.22,35.09,35.09,8428222
2026-05-08 00:00:00+01:00,35,39.42,35,38.92,38.92,10478520
2026-05-11 00:00:00+01:00,38.92,40.06,38.44,39.67,39.67,4067385
2026-05-12 00:00:00+01:00,39.67,39.67,37.84,38.29,38.29,2375944
2026-05-13 00:00:00+01:00,38.29,38.84,36.96,36.96,36.96,1308370
2026-05-15 00:00:00+01:00,37,38.3,36.95,38.07,38.07,3509706
2026-05-18 00:00:00+01:00,37.99,38.71,37.21,38.41,38.41,1807560
2026-05-19 00:00:00+01:00,38.41,39.55,38.28,38.87,38.87,2509674
2026-05-20 00:00:00+01:00,38.78,39.4,38.2,38.77,38.77,2117388
2026-05-21 00:00:00+01:00,38.89,39.35,38.1,38.28,38.28,1614556
2026-05-22 00:00:00+01:00,38.6,39.29,37.75,37.95,37.95,1901822
2026-05-25 00:00:00+01:00,37.99,38.14,37.53,37.83,37.83,1070330
2026-05-26 00:00:00+01:00,37.93,38.89,37.28,38,38,1864649
2026-05-27 00:00:00+01:00,38,38.23,37.12,37.33,37.33,1539742
2026-05-28 00:00:00+01:00,37.33,38.06,36.7,38,38,1533652
2026-05-29 00:00:00+01:00,38,39.58,37.84,39.58,39.58,10724087
2026-06-01 00:00:00+01:00,39.62,42.25,39.56,42.25,42.25,4782393
2026-06-02 00:00:00+01:00,42.97,44.02,41.77,42.48,42.48,3969848
2026-06-03 00:00:00+01:00,42.8,43.28,40.81,40.96,40.96,2479544
2026-06-04 00:00:00+01:00,40.96,42.53,40.94,42.15,42.15,1592762
2026-06-05 00:00:00+01:00,43.05,43.28,40.43,40.65,40.65,2443605
2026-06-08 00:00:00+01:00,39.6,40.69,39.03,40.36,40.36,2479647
2026-06-09 00:00:00+01:00,40.36,40.71,39.23,39.4,39.4,2412146
2026-06-10 00:00:00+01:00,39.4,39.9,37.93,38.37,38.37,2735940
2026-06-11 00:00:00+01:00,38.43,38.44,36.78,37.39,37.39,1750891
2026-06-12 00:00:00+01:00,38.48,38.54,37.23,37.66,37.66,1699512
2026-06-15 00:00:00+01:00,38.8,38.98,37.38,37.52,37.52,1795752
2026-06-16 00:00:00+01:00,37.29,37.79,35.11,35.54,35.54,3060552
2026-06-17 00:00:00+01:00,35.54,35.62,34.38,34.49,34.49,1666817
2026-06-18 00:00:00+01:00,34.36,34.49,32.42,32.95,32.95,6494806
2026-06-22 00:00:00+01:00,33.5,34.31,33.08,34.02,34.02,1726668
2026-06-23 00:00:00+01:00,34.15,35.3,34.06,35.05,35.05,1784299
2026-06-24 00:00:00+01:00,35.03,35.69,34.71,35.52,35.52,1725468
2026-06-25 00:00:00+01:00,35.55,37.1,35.23,37.1,37.1,2766856
2026-06-26 00:00:00+01:00,36.97,37.99,36.7,37.68,37.68,2960173
2026-06-29 00:00:00+01:00,38,39.38,38,38.45,38.45,1676536
2026-06-30 00:00:00+01:00,38.54,38.74,37.68,37.94,37.94,1882587
2026-07-01 00:00:00+01:00,38,39.5,37.44,39.5,39.5,1746102
2026-07-02 00:00:00+01:00,39.5,41.29,39.01,40.42,40.42,2393823
2026-07-03 00:00:00+01:00,40.42,40.5,39.09,39.8,39.8,1004383
2026-07-06 00:00:00+01:00,39.8,40,39.11,39.45,39.45,637298
2026-07-07 00:00:00+01:00,39.43,39.7,37.8,38.28,38.28,1080257
2026-07-08 00:00:00+01:00,38.25,38.25,37.08,37.1,37.1,955089
2026-07-09 00:00:00+01:00,37.2,38.82,36.8,38.59,38.59,1194571
2026-07-10 00:00:00+01:00,38.71,40.12,38.7,39.25,39.25,1275371
2026-07-13 00:00:00+01:00,39.05,40.2,39.04,40.1,40.1,1266362
2026-07-14 00:00:00+01:00,39.98,40.15,38.6,39.31,39.31,1011490
2026-07-15 00:00:00+01:00,39.48,39.95,38.8,39.42,39.42,564800
2026-07-16 00:00:00+01:00,39.43,39.9,38.9,39.55,39.55,705071
2026-07-17 00:00:00+01:00,39.65,39.83,38.59,39.06,39.06,795242
2026-07-20 00:00:00+01:00,39.06,39.15,38.1,39.02,39.02,1412434
2026-07-21 00:00:00+01:00,39,39.16,37.82,39.08,39.08,1617305
2026-07-22 00:00:00+01:00,37.09,38.33,33.74,37.84,37.84,5348402
2026-07-23 00:00:00+01:00,37.84,38.54,36.17,36.29,36.29,2256675
2026-07-24 00:00:00+01:00,36.93,38.44,36.53,38.19,38.19,1906615
2026-07-27 00:00:00+01:00,38.19,39.62,37.54,38.96,38.96,1888600
2026-07-28 00:00:00+01:00,38.76,39.99,38.5,39.8,39.8,1378543
2026-07-29 00:00:00+01:00,39.89,41.45,39.89,40.37,40.37,2388137
2026-07-30 00:00:00+01:00,40,40.07,39.1,39.1,39.1,1526112
2026-07-31 00:00:00+01:00,39.18,40.69,38.21,40.05,40.05,2498190
2026-08-03 00:00:00+01:00,40.05,41.06,39.8,40.23,40.23,1584206
2026-08-04 00:00:00+01:00,40.52,41.05,40.05,40.94,40.94,1324634
2026-08-05 00:00:00+01:00,41,41.85,40.94,41.25,41.25,1588828
2026-08-06 00:00:00+01:00,41.25,41.49,40.55,41.24,41.24,1254225
2026-08-07 00:00:00+01:00,41.9,45,41.57,44.19,44.19,6576314
2026-08-10 00:00:00+01:00,43.5,43.9,42.68,43.78,43.78,2985366
2026-08-11 00:00:00+01:00,43.83,44.31,43.12,44.22,44.22,1423620
2026-08-12 00:00:00+01:00,44.24,44.25,42.33,42.48,42.48,1943611
2026-08-13 00:00:00+01:00,42.7,43.44,42.12,42.63,42.63,1589668
2026-08-14 00:00:00+01:00,43.39,45.44,43.39,44.3,44.3,4035324
2026-08-17 00:00:00+01:00,44.04,44.27,43.09,43.4,43.4,1849175
2026-08-18 00:00:00+01:00,43.4,44.44,43.1,43.97,43.97,1684065
2026-08-19 00:00:00+01:00,43.97,44.38,43.5,43.93,43.93,1006353
2026-08-20 00:00:00+01:00,44,44.32,43.57,43.97,43.97,994570
2026-08-21 00:00:00+01:00,43.75,45.44,43.75,45.18,45.18,2792949
2026-08-24 00:00:00+01:00,45.2,45.6,44.61,45.28,45.28,1327903
2026-08-25 00:00:00+01:00,45.28,46,45.22,45.55,45.55,2019327
2026-08-26 00:00:00+01:00,45.33,45.89,44.95,45.33,45.33,1336252
2026-08-27 00:00:00+01:00,45.6,47.57,45.5,47.49,47.49,4039078
2026-08-28 00:00:00+01:00,47.53,48.3,46.92,47.2,47.2,2703587
2026-08-31 00:00:00+01:00,46.9,47.38,46.05,46.57,46.57,2199843
2026-09-01 00:00:00+01:00,46.54,46.54,44.63,44.98,44.98,1499141
2026-09-02 00:00:00+01:00,44.88,44.88,43.71,44.05,44.05,1420120
2026-09-03 00:00:00+01:00,44,45.34,43.8,44.81,44.81,1087644
2026-09-04 00:00:00+01:00,44.94,45.45,44.42,44.42,44.42,1141595
2026-09-07 00:00:00+01:00,46.99,48.58,46.09,48.11,48.11,3458441
2026-09-08 00:00:00+01:00,48.08,48.29,45.87,46.2,46.2,2329173
2026-09-09 00:00:00+01:00,46.19,47.02,45.6,45.6,45.6,2355511
2026-09-10 00:00:00+01:00,45.8,46.6,45.72,46.39,46.39,1242219
2026-09-11 00:00:00+01:00,46.26,46.26,45.5,46.16,46.16,1111593
2026-09-14 00:00:00+01:00,46.48,48.2,46.42,47.55,47.55,1850398
2026-09-15 00:00:00+01:00,46.9,47.49,46.32,47.13,47.13,1376345
2026-09-16 00:00:00+01:00,47.37,47.61,46.52,47.18,47.18,1115267
2026-09-17 00:00:00+01:00,46.97,47.17,45.7,46.24,46.24,2137046
2026-09-18 00:00:00+01:00,46.39,47.1,45.62,45.72,45.72,1985245
2026-09-21 00:00:00+01:00,47.3,48.08,46.9,47.32,47.32,2511799
2026-09-22 00:00:00+01:00,47.97,49.35,47.84,48.73,48.73,2930988
2026-09-23 00:00:00+01:00,48.94,51.76,48.46,51.22,51.22,3252765
2026-09-24 00:00:00+01:00,50.5,51.6,50.2,51.6,51.6,2517676
2026-09-25 00:00:00+01:00,49.53,49.75,48.88,49.19,49.19,3168047
